Codice,Autore,Titolo,Editore,Anno,Luogo,Pagine,Classificazione
L177,George Orwell,1984,Mondadori,,,0,Romanzo
L24,Ilaria Beltramme,101 cose da fare a Roma almeno una volta nella vita,Newton Compton,,,0,Attualita
L119,Trilussa,I Sonetti,Mondadori,1922,,0,Poesia
L19,Ilaria Beltramme,101 perchè sulla storia di Roma che non puoi non sapere,Newton Compton,,,0,Attualita
L474,Laura Rangoni,500 ricette di piatti unici,Newton Compton,,,0,Cucina
L110,Claudio Giorlandino,A cavallo della luna. La storia di Pino,Tullio Pironti,,,0,Romanzo
L387,Umberto Eco,Il Fascismo Eterno,La nave di Teseo,2018,Milano,50,Saggi
L47,Caroline Taggart,A Classical Education: The Stuff You Wish You'd Been Taught At School,Michael O'Mara,,,0,Lingue
L33,Danielle Steel,A Good Woman,Corgi,,,0,Romanzo
L375,Khaled Hosseini,A Thousand Splendid Suns,Riverhead Books,,,0,Romanzo
L333,Jonathan Coe,A Touch of Love,Penguin,,,0,Romanzo
L366,Patrick Weiller,Il Giudizio di Salomone,ElectaStorie,,,0,Romanzo
L558,Nigel Rees,"A Word in Your Shell-Like: 6,000 Curious & Everyday Phrases Explained",HarperCollins UK,,,0,Lingue
L32,Giuseppe Mazzini,Pensieri sulla democrazia in Europa,Feltrinelli,,,0,Politica
L384,"Andrea Camilleri, Carlo Lucarelli",Acqua in bocca,Fastbook,,,0,Romanzo
L106,Gianrico Carofiglio,Ad occhi chiusi,Sellerio Editore Palermo,,,0,Romanzo
L487,Agatha Christie,"Addio, miss Marple",Mondadori,,,0,Gialli
L664,"Davide Vasta, Marco Andrea De",Adobe Dreamweaver CS4,Apogeo,,,0,Informatica
L663,"Marco Feo, Andrea Rotondo",Adobe Flash CS4. Creare e gestire animazioni e siti web interattivi e dinamici,Apogeo,,,0,Informatica
L662,vuoto,Adobe Photoshop CS4. Lavorare con creativit? su fotografie e immagini digitali,Apogeo,,,0,Informatica
L349,Edimatica,Adobe Photoshop CS5. Lavorare con creativit? su fotografie e immagini digitali,Apogeo,,,0,Informatica
L313,"Nunzio Trotta, Domenico Belardo",Adobe Premiere Pro CS5. Guida all'uso,FAG,,,0,Video
L550,Martin Hewings,Advanced Grammar in Use With CD ROM,Cambridge University Press,,,0,Lingue
L566,"Richard Du Toit, Gerald Hinde, William Taylor",Africa's Big Five,Struik Publishers,,,0,Animali
L660,vuoto,AJAX - Guida per lo sviluppatore,Hoepli,,,0,Informatica
L486,Sigmund Freud,Al di la' del principio del piacere,Newton Compton,,,0,Psicologia
L476,Antonio Nughes,Alghero,Zonza Editori,,,0,Viaggi
L62,Bassett,Alice's Adventures in Wonderland (Oxford Bookworms Library),"Oxford University Press, USA",,,0,Lingue
L634,William F. Wheeler,"Alive in Africa: My Journeys on Foot in the Sahara, Rift Valley, and Rain Forest",Lyons Press,,,0,Avventura
L98,"Wilbur Smith, G. Hirzer",Alle fonti del Nilo,Longanesi,,,0,Romanzo
L22,Annalisa Andreoni,Ama l'italiano. Segreti e meraviglie della lingua più bella,Piemme,,,0,Lingue
L268,Alberto Angela,Amore e sesso nell'antica Roma,Mondadori,,,0,Storia
L373,Khaled Hosseini,And the Mountains Echoed,Bloomsbury Publishing PLC,,,0,Romanzo
L497,Dan Brown,Angeli E Demoni,European Schoolbooks,,,0,Romanzo
L187,"Andrea Carandini, M. C. Capanna, M. Ippoliti",Angoli di Roma. Guida inconsueta alla città antica,Laterza,,,0,Archeologia
L388,Alberto Bevilacqua,Anima carnale,Mondadori,,,0,Romanzo
L276,"George Orwell, Malcolm Bradbury",Animal Farm: A Fairy Story (Penguin Modern Classics),Penguin Classics,,,0,Romanzo
L278,Jorge Luis Borges,Finzioni,ET Scrittori,,,0,Romanzo
L290,"Publio Cornelio Tacito, Bianca Ceva, B. Ceva, Cesare Questa",Annali. Testo latino a fronte,BUR Biblioteca Univ. Rizzoli,,,0,Classici
L454,Giorgio Bocca,Annus horribilis,Feltrinelli,,,0,Attualita
L654,Ansel Adams,"The Camera (Ansel Adams Photography, Book 1)","Little, Brown",,,0,Fotografia
L659,vuoto,Apache Pocket Reference,O'Really - HOPS,,,0,Informatica
L658,"Hugh E. Williams, David Lane",Applicazioni Web database con PHP e MySQL,Tecniche Nuove,,,0,Informatica
L156,Andrea Augello,Arditi contro. I primi anni di piombo a Roma 1919-1923,Ugo Mursia Editore,,,0,Storia
L192,"Kelly M. Greenhill, P. Faccia",Armi di migrazione di massa,Libreria Editrice Goriziana,,,0,Sociologia
L218,Danila Comastri Montanari,Ars moriendi. Indagine a Pompei,Hobby Work Publishing,,,0,Romanzo
L560,vuoto,ASP.NET 2.0,Wrox - Hoepli,,,0,Informatica
L224,Dk,Atlas (World Atlas),Dorling Kindersley Publishers Ltd,,,0,Geografia
L282,Ian McEwan,Atonement,Vintage Books,,,0,Romanzo
L103,Christine Lindop,"Australia and New Zealand: Stage 3 (Oxford Bookworms Library, Factfiles)",Oxford University Press,,,0,Lingue
L123,Jorge Luis Borges,L'Aleph,Feltrinelli,,,0,Romanzo
L305,"Matteo Trasi, Luigi Santapaga",AutoCad 2011,Apogeo,,,0,CAD
L3,Massimo Mantellini,Bassa risoluzione,Vele,,,0,Sociologia
L300,"J. G. Williams, Norman Arlott, Roger Tory Peterson Institute",Birds of East Africa (Collins Field Guides),Collins,,,0,Animali
L289,Ian Rankin,Black & Blue,Orion Books,,,0,Gialli
L357,Carsten. Wartmann,Blender. La guida. Con CD-ROM.,Mondadori Informatica,,,0,Informatica
L55,"Aldous Huxley, Margaret Atwood",Brave New World,Vintage Classics,,,0,Romanzo
L124,"Christopher Negus, Francois Caen","BSD UNIX Toolbox: 1000+ Commands for FreeBSD, OpenBSD and NetBSD",Wiley,,,0,Informatica
L656,Deitel & Deitel,C - Corso completo di programmazione,Apogeo,,,0,Informatica
L655,vuoto,C# 2005 Guida per lo sviluppatore,Hoepli,,,0,Informatica
L562,"Harvey M. Deitel, Paul J. Deitel",C++ Fondamenti di programmazione,Apogeo,,,0,Informatica
L561,"Harvey M. Deitel, Paul J. Deitel",C++ Tecniche avanzate di programmazione,Apogeo,,,0,Informatica
L215,"Jorge Amado, C. M. Valentinetti",Cacao,Mondadori,,,0,Romanzo
L426,Wilbur Smith,Cacciatori di diamanti,Tea,,,0,Romanzo
L254,Simonetta Agnello Hornby,Caffè amaro,Feltrinelli Editore S.R.L,,,0,Romanzo
L544,"Louise Hashemi, Barbara Thomas",Cambridge Grammar for First Certificate With Answers and Audio CD (Cambridge Grammar for Exams),Cambridge University Press,,,0,Lingue
L661,vuoto,Cambridge Idioms Dictionary,Cambridge University Press,,,0,Lingue
L482,Pino Cacucci,Camminando. Incontri di un viandante,Feltrinelli,,,0,Romanzo
L61,Bassett,Canterville Ghost (Oxford Bookworms),"Oxford University Press, USA",,,0,Lingue
L475,Nina M. Mart?nez,Caramba!,Garzanti Libri,,,0,Romanzo
L178,aa.vv.,Carpe diem. Le più belle citazioni latine,Demetra,,,0,Lingue
L200,Lucarelli Carlo,Carta Bianca,Einaudi,,,0,Romanzo
L234,Danila Comastri Montanari,Cave canem,Hobby Work Publishing,,,0,Romanzo
L459,Gabriel Garcia Marquez,Cent'anni di solitudine,Repubblica,,,0,Romanzo
L355,"Richard Courant, Herbert Robbins, I. Stewart, L. Ragusa Gilli",Che cos'è la matematica?,Bollati Boringhieri,,,0,Matematica
L451,Niccolo Ammaniti,Che la festa Cominci,Einaudi,,,0,Romanzo
L652,Jonathan Coe,Circolo Chiuso,Feltrinelli,,,0,Romanzo
L391,Christian Jacq,CLAIRE,MONDADORI,,,0,Romanzo
L274,aa vv,Colosseo-Palatino-Foro romano-Domus Aurea. Ediz. italiana,Mondadori Electa,,,0,Archeologia
L335,Ferdinand Petrie,"Come disegnare i paesaggi. Tutte le fasi per realizzare a matita ogni singolo elemento del paesaggio: alberi, montagne, colline, rocce, scenari industriali...",Newton Compton,,,0,Arte
L336,Hogart Burne,Come disegnare la figura vestita. Per riprodurre nel migliore dei modi pieghe e drappeggi,Newton Compton,,,0,Arte
L5,Giuseppe Montesano,Come diventare vivi. Un vademecum per lettori selvaggi,Passaggi,,,0,Saggi
L440,Wilbur Smith,Come Il Mare,Tea,,,0,Romanzo
L244,Giacomo Matteotti,Contro il fascismo-Un anno di dominazione fascista,West Indian,,,0,Politica
L191,Enrico Letta,Contro venti e maree. Idee sull'Europa e sull'Italia. Conversazione con Sébastien Millard,Il Mulino,,,0,Politica
L651,"Cay S. Horstmann, Gary. Cornell",Core Java 2,Pearson Prentice Hall,,,0,Informatica
L650,"Cay S. Horstmann, Gary Cornell",Core Java 2. Vol. 1: Fondamenti.,Pearson Education Italia,,,0,Informatica
L399,Luciano DeCrescenzo,Cosi parlo Bellavista.,Fastbook,,,0,Narrativa
L649,Mike Davis,Costruire applicazioni cpn Access (versioni 97 e 2000),Apogeo,,,0,Informatica
L648,Roberto Chimenti,Costruire siti dinamici con Joomla! 1.5,Hoepli,,,0,Informatica
L340,Tiziano Fogliata,Creare blog e siti web con WordPress,Hoepli,,,0,Informatica
L25,Riccardo Falcinelli,Cromorama. Come il colore ha cambiato il nostro sguardo,Einaudi. Stile Libero Extra,,,0,Arte
L545,"M.J. Easton, Jason King","Cross-Platform .NET Development: Using Mono, Portable.NET, and Microsoft .NET",Apress,,,0,Informatica
L495,Dan Brown,Crypto,Mondadori,,,0,Romanzo
L647,Gianluca Troiani,CSS,Apogeo,,,0,Informatica
L646,Fabio Fracas,Cubase 4. Musica digitale. Guida pratica per diventare musicisti digitali. Con CD-ROM,Sprea Book,,,0,Musica
L241,Danila Comastri Montanari,Cui prodest?,Hobby Work Publishing,,,0,Romanzo
L502,Paolo Bertetto,Cuore scuro,Piemme,,,0,Romanzo
L176,Costantino Maes,Curiosità romane,Ab Edizioni,,,0,Narrativa
L541,Lin Anderson,Dark Flight,Hodder Paperback,,,0,Gialli
L628,Tobias Jones,"Dark Heart of Italy, The",Faber,,,0,Politica
L645,Paolo Giudici,"Data mining. Modelli informatici, statistici e applicazioni",McGraw-Hill Companies,,,0,Informatica
L644,"Matteo Golfarelli, Stefano Rizzi",Data Warehouse. Teoria e pratica della progettazione. Con CD-ROM,McGraw-Hill Companies,,,0,Informatica
L64,Bassett,David Copperfield (Oxford Bookworms Library Classics),"Oxford University Press, USA",,,0,Lingue
L265,Tito Lucrezio Caro,De rerum natura. Testo latino a fronte,UTET,,,0,Classici
L444,Lin Anderson,Deadly Code,Hodder,,,0,Gialli
L29,Gigi Proietti,Decamerino. Novelle dietro le quinte,Best Bur,,,0,Attualita
L49,"Giovanni Boccaccio, R. Marrone",Decameron. Ediz. integrale,I Minimammut,,,0,Classici
L643,vuoto,DELPHI 6,Apogeo,,,0,Informatica
L180,Michele Brambilla,Dieci anni di illusioni. Storia del Sessantotto,Rizzoli,,,0,Politica
L512,Alberto Siliotti,Dimore Eterne,White Star,,,0,Archeologia
L259,Fernando Picchi,"Dizionario d'uso dei phrasal verbs. Inglese-italiano. Dizionario completo dei verbi frasali inglesi, glossario di verbi italiani tradotti con phrasal verbs",Hoepli,,,0,Lingue
L175,Fernando Ravaro,Dizionario romanesco,Newton Compton,,,0,Lingue
L640,Jonathan Coe,Donna per caso,Feltrinelli,,,0,Romanzo
L256,Elie Wiesel,Dopo la notte,Garzanti Libri,,,0,Romanzo
L438,Wilbur Smith,Dove Finisce L'arcobaleno - Quattro Destini Uniti in Un Sogno Di Spreanza E Liberta,Tea,,,0,Romanzo
L575,"Robert Louis Stevenson, Rosemary Border",Dr Jekyll and Mr Hyde: 1400 Headwords (Oxford Bookworms Library),Oxford University Press,,,0,Lingue
L511,Lin Anderson,Driftnet (Rhona MacLeod),Hodder Stoughton,,,0,Gialli
L222,Danila Comastri Montanari,Dura lex,Hobby Work Publishing,,,0,Romanzo
L179,Federico Palmaroli,E so' problemi,Rizzoli,,,0,Humor
L445,Lin Anderson,Easy Kill,Hodder,,,0,Gialli
L552,Mladen Gogala,Easy Oracle PHP: Create Dynamic Web Pages with Oracle Data (Easy Oracle Series),Rampant Techpress,,,0,Informatica
L303,Ferruccio Parazzoli,Eclisse del Dio unico,Il Saggiatore,,,0,Religione
L520,"Rob Humphreys, Donald Reid",Edimburgo,Vallardi Viaggi,,,0,Viaggi
L509,Rose-Marie Hagen,Egitto. Popolo divinità faraoni,Taschen,,,0,Archeologia
L281,Hannah Arendt,Eichmann and the Holocaust,Penguin,,,0,Storia
L448,Alessandro Baricco,Emmaus,Feltrinelli Editore S.R.L,,,0,Narrativa
L551,"Michael McCarthy, Felicity O'Dell",English Vocabulary in Use Upper-Intermediate with answers,Cambridge University Press,,,0,Lingue
L151,Andrea Camilleri,Esercizi di memoria,Rizzoli,,,0,Narrativa
L637,Marco Beri,Espressioni regolari,Apogeo,,,0,Informatica
L128,Tony Siluro Ventilatio,Estetica della scorreggia. Appunti per una buona applicazione della tromba di culo ad uso dei cultori,Scipioni,,,0,Humor
L304,Baruch Spinoza,Etica,Bompiani,,,0,Filosofia
L635,Gianni Giaccaglini,Excel e Office VBA. La guida completa. Con CD-ROM,Hoepli,,,0,Informatica
L213,Antonio Pennacchi,Fascio e martello. Viaggio per le città del duce,Economica Laterza,,,0,Storia
L371,"Judith Wilson, Richard Acklam, Jacky Newbrook",FCE Gold Plus (Gold),"Pearson Longman, ELT",,,0,Lingue
L576,"Sally Burgess, Judith Wilson, Jacky Newbrook",FCE Gold Plus Maximiser: No Key (Gold),"Pearson Longman, ELT",,,0,Lingue
L553,Najma Dharani,Field Guide to Common Trees and Shrubs of East Africa,Struik Publishers,,,0,Viaggi
L9,Wilbur Smith,Figli Del Nilo,Longanesi,,,0,Romanzo
L633,Roberto Celano,FileMaker PRO - Guida Pratica,Mondandori,,,0,Informatica
L542,Lin Anderson,Final Cut (Rhona MacLeod),Hodder Stoughton,,,0,Gialli
L632,Alex C. Raccuglia,Final Cut Pro per i professionisti,Apogeo,,,0,Video
L631,Massimiliano D'Andrea,Final Cut studio 2. Con CD-ROM,Sprea Book,,,0,Video
L53,A. P. Chekhov,Five Comic One-Act Plays (Dover Thrift Editions),Dover Publications Inc.,,,0,Lingue
L630,"Robert Reinhardt, Snow Dowd",Flash CS3. Con CD-ROM,Hoepli,,,0,Informatica
L86,Massimo Introvigne,Fondamentalismi. I diversi volti dell'intransigenza religiosa,Piemme,,,0,Religione
L510,Giulio Forti,Fotografia. Teoria e pratica della Reflex,Reflex,,,0,Fotografia
L111,Mary Shelley,Frankenstein. Con CD Audio. Con CD-ROM. Con espansione online,ELI,,,0,Lingue
L6,"Michael Wolff, I. Annoni, E. Cantoni",Fuoco e furia. Dentro la Casa Bianca di Trump,Saggi Stranieri,,,0,Attualita
L231,Jorge Amado,"Gabriela, cravo e canela",Dom Quixote,,,0,Romanzo
L219,Danila Comastri Montanari,Gallia est,Hobby Work Publishing,,,0,Romanzo
L477,"De Fabianis, Valeria Manferto",Gente. Immagini dal mondo,White Star,,,0,Viaggi
L195,Danila Comastri Montanari,Giallo antico. Come si scrive un poliziesco storico,Hobby Work Publishing,,,0,Manuali
L629,vuoto,"GIMP, Pocket Guide",O'Really - HOPS,,,0,Grafica
L216,Guido Barbujani,Gli africani siamo noi. Alle origini dell'uomo,I Robinson. Letture,,,0,Sociologia
L429,Wilbur Smith,Gli eredi dell'eden,Tea,,,0,Romanzo
L122,"Nicolas d'Estienne D'Orves, C. Lionetti",Gli orfani del male,Sperling,,,0,Romanzo
L230,"Sandro Pertini, P. Pierri",Gli uomini per essere liberi,Add Editore,,,0,Politica
L472,vuoto,GLOBUS Enciclopedia dei paesi e degli itinerari: Stati Uniti e Canada,Mondadori,,,0,Viaggi
L125,Roberto Saviano,Gomorra. Viaggio nell'impero economico e nel sogno di dominio della camorra,Mondadori,,,0,Sociologia
L228,Elisabetta Perini,Grammatica italiana per tutti,Giunti Editore,,,0,Lingue
L115,Angelo D'Orsi,Gramsci. Una nuova biografia,Feltrinelli,,,0,Politica
L171,Erri De Luca,La Natura Esposta,Feltrinelli,,,0,Romanzo
L39,Andrea Camilleri,Gran circo Taddei e altre storie di Vigàta,Sellerio Editore Palermo,,,0,Romanzo
L127,Clotilde Vesco,Guida alla cucina etrusca. Cibi e divertimenti in Etruria,scipioni,,,0,Cucina
L315,J.K. Rowling,Harry Potter and the Deathly Hallows,Bloomsbury Publishing PLC,,,0,Romanzo
L223,Joanne K. Rowling,Harry Potter e la maledizione dell'erede,Salani Editore S.P.a.,,,0,Romanzo
L341,June Newton,Helmut Newton,Taschen America Llc,,,0,Fotografia
L16,Philippe Daverio,Ho finalmente capito l'Italia. Piccolo trattato ad uso degli stranieri (e degli italiani),Arte,,,0,Sociologia
L164,Carlo S. Capogreco,I campi del Duce. L'internamento civile nell'Italia fascista (1940-1943),Einaudi,,,0,Storia
L217,Renato Mammucari,I castelli romani. Un viaggio nello spazio e nel tempo,LuoghInteriori,,,0,Viaggi
L2,"Ian Sidaway, L. Bises",I colori. Come mescolarli per ottenere le tinte desiderate,Tecniche Artistiche,,,0,Arte
L295,"Glenn Cooper, G. Arduino",I custodi della biblioteca,Nord,,,0,Romanzo
L201,"Marco Consentino, Domenico Dodaro, Luigi Panella",I fantasmi dell'Impero,Sellerio Editore Palermo,,,0,Romanzo
L52,"Gina Buonaguro, Janice Kirk, S. D'Ovidio",I lupi del Vaticano,Newton Compton,,,0,Romanzo
L78,Simon Cox,"I segreti del Codice da Vinci. Guida non autorizzata a fatti, personaggi e misteri del Codice da Vinci",L'Età dell'Acquario,,,0,Narrativa
L1,Gill Barron,I segreti dell'acrilico,Disegno E Tecniche Pittoriche,,,0,Arte
L515,Corrado Augias,I Segreti di Londra,Mondadori,,,0,Viaggi
L161,Giulia Fiore Coltellacci,I segreti tecnologici degli antichi romani,Newton Compton,,,0,Storia
L417,Alberto Bevilacqua,I sensi incantati,Mondadori,,,0,Romanzo
L36,Andrea Camilleri,I sogni di Andrea Camilleri,Fuori Collana,,,0,Narrativa
L625,Barack Obama,I sogni di mio padre. Un racconto sulla razza e l'eredit,Nutrimenti,,,0,Politica
L479,"Alessandro Bongiovanni, Maria Sole Croce",I Tesori dell'Antico Egitto,White Star,,,0,Archeologia
L260,Alberto Angela,"I tre giorni di Pompei: 23-25 ottobre 79 d. C. Ora per ora, la più grande tragedia dell'antichit",Rizzoli,,,0,Storia
L65,Caroline Taggart,I Used to Know That: A Classical Education,Michael O Mara Publications,,,0,Lingue
L565,Patrick Scrivenor,I Used to Know That: English,Michael O Mara Publications,,,0,Lingue
L546,Marianne Taylor,I Used to Know That: General Science,Michael O'Mara Books Ltd,,,0,Lingue
L153,M. Craveri,I vangeli apocrifi,Einaudi,,,0,Religione
L506,Matilde Asensi,Iacobus,Sonzogno,,,0,Romanzo
L93,vuoto,Il Broglio,vuoto,,,0,Narrativa
L461,Khaled Hosseini,Il Cacciatore Di Aquiloni,Piemme,,,0,Romanzo
L87,"Glenn Cooper, R. Zuppet",Il calice della vita,Nord,,,0,Romanzo
L137,Andrea Camilleri,Il campo del vasaio,Sellerio Editore Palermo,,,0,Romanzo
L28,Umberto Eco,Il cimitero di Praga,Bompiani,,,0,Romanzo
L376,Doris Lessing,Gatti molto speciali,Feltrinelli,,,0,Romanzo
L185,"Daniel Estulin, M. Zanarini",Il club Bilderberg. La storia segreta dei padroni del mondo,Arianna Editrice,,,0,Sociologia
L498,Dan Brown,Il Codice Da Vinci,Mondadori,,,0,Romanzo
L69,Andrea Camilleri,Il colore del sole,Mondadori,,,0,Romanzo
L167,aa.vv.,Il Corano,Libritalia,,,0,Religione
L642,Wilbur Smith,Il destino del cacciatore,Longanesi,,,0,Romanzo
L436,Wilbur Smith,Il destino del leone,Tea,,,0,Romanzo
L328,Andrea Camilleri,"Il diavolo, certamente",Mondadori,,,0,Romanzo
L11,"Wilbur Smith, R. Rambelli",Il dio del fiume,La Gaja Scienza,,,0,Romanzo
L299,Stefano Rodot,Il diritto di avere diritti,Laterza,,,0,Diritto
L324,Corrado Augias,Il disagio della libertà. Perchè agli italiani piace avere un padrone,Rizzoli,,,0,Sociologia
L160,"Siegfried Lenz, R. Cravero",Il disertore,Neri Pozza,,,0,Romanzo
L183,T.K.V. Desikachar,Il Cuore dello Yoga,Ubaldini Editore Roma,,,0,Benessere
L554,Boris Pasternak,Il Dottor Zivago,Feltrinelli,,,0,Romanzo
L403,Christian Jacq,Il Faraone Nero,Mondadori,,,0,Romanzo
L270,Dieter Schlesak,Il farmacista di Auschwitz,Garzanti Libri,,,0,Romanzo
L410,Christian Jacq,Il Figlio Della Luce (Italian Edition),Mondadori,,,0,Romanzo
L252,Giuseppe Tomasi di Lampedusa,Il Gattopardo,Feltrinelli Traveller,,,0,Romanzo
L251,Giorgio Bassani,Il giardino dei Finzi-Contini,Feltrinelli,,,0,Romanzo
L40,Andrea Camilleri,Il gioco degli specchi,Sellerio di Giorgianni,,,0,Romanzo
L624,Carlos Ruiz Zafon,Il gioco dell'angelo,Mondadori,,,0,Romanzo
L143,Andrea Camilleri,Il giro di boa,Sellerio Editore Palermo,,,0,Romanzo
L513,"Philip Whitfield, I.C.J. Galbraith",Il grande libro degli uccelli,Vallardi,,,0,Viaggi
L107,Massimo Cotto,Il grande libro del rock (e non solo). Musica per tutti i giorni dell'anno,BUR Biblioteca Univ. Rizzoli,,,0,Musica
L353,Simonetta Agnello Hornby,Boccamurata,Feltrinelli,,,0,Romanzo
L15,Mauro Raccasi,Il guerriero di Stonehenge,Piemme,,,0,Romanzo
L85,"Asne Seierstad, G. Paterniti",Il libraio di Kabul,Sonzogno,,,0,Romanzo
L330,Scott Kelby,Il libro della fotografia digitale vol.2,Pearson,,,0,Fotografia
L329,Scott Kelby,Il libro della fotografia digitale vol.3,Pearson,,,0,Fotografia
L331,Scott Kelby,Il libro della fotografia digitale Vol.1,Pearson,,,0,Fotografia
L112,"Glenn Cooper, G. P. Gasperi, V. Februari",Il libro delle anime,Nord,,,0,Romanzo
L365,Ernesto Che Guevara,Latinoamericana,Mondadori,,,0,Autobiografico
L75,"John Lloyd, John Mitchinson, A. Montrucchio",Il libro dell'ignoranza. Che cosa ? verit? e che cosa ? semplicemente una panzana? Il libro-gioco che svela le nostre false conoscenze,Einaudi,,,0,Sociologia
L623,"Ken Arnold, James Gosling, David Holmes",Il linguaggio Java. Manuale ufficiale,Pearson Education Italia,,,0,Informatica
L130,Andrea Camilleri,Il medaglione,Mondadori,,,0,Romanzo
L154,"Gaetano Salvemini, S. Bucchi",Il ministro della mala vita,Bollati Boringhieri,,,0,Storia
L508,Nino Taranto,Il muro del sorriso,CISU,,,0,Humor
L386,Andrea Camilleri,Il nipote del Negus,Sellerio Editore,,,0,Romanzo
L310,Betty Edwards,Il nuovo disegnare con la parte destra del cervello,Longanesi,,,0,Arte
L225,Ivano Dionigi,Il presente non basta. La lezione del latino,Mondadori,,,0,Lingue
L622,Carlos Ruiz Zafon,Il principe della nebbia,SEI,,,0,Romanzo
L491,Frederick Forsyth,Il pugno di Dio,Mondadori,,,0,Romanzo
L621,Doris Lessing,Il quinto figlio,Feltrinelli,,,0,Romanzo
L134,Andrea Camilleri,Il re di Girgenti,Sellerio Editore Palermo,,,0,Romanzo
L503,Tony Park,Il respiro della savana,TEA,,,0,Romanzo
L174,"Glenn Cooper, M. Bottini",Il segno della croce,Nord,,,0,Romanzo
L480,Christian Jacq,Il segreto dei geroglifici. Come entrare nel magico mondo degli antichi egizi,Piemme,,,0,Lingue
L401,Roberto Giacobbo,Il segreto di Cheope: Alla ricerca del tesoro perduto delle piramidi (I volti della storia) (Italian Edition),Newton Compton,,,0,Archeologia
L10,"Wilbur Smith, R. Rambelli",Il settimo papiro,La Gaja Scienza,,,0,Romanzo
L113,"Dan Brown, A. Biavasco, V. Guani, N. Lamberti, A. Raffo, R. Scarabelli",Il simbolo perduto,Mondadori,,,0,Romanzo
L450,Gaetano Pecora,La scuola laica: Gaetano Salvemini contro i clericali,Donzelli Editore,,,0,Politica
L190,Piercamillo Davigo,Il sistema della corruzione,Laterza,,,0,Politica
L485,Sigmund Freud,Il sogno e la sua interpretazione,Newton Compton,,,0,Psicologia
L620,Andrea Camilleri,Il sonaglio,Sellerio Editore,,,0,Romanzo
L131,Andrea Camilleri,Il tailleur grigio,Mondadori,,,0,Romanzo
L539,Jean-Michel Thibaux,Il tesoro dell'abate Sauniére,Sonzogno,,,0,Romanzo
L21,"Edward Luce, C. Melloni",Il tramonto del liberalismo occidentale,Einaudi. Stile Libero Extra,,,0,Economia
L99,"Michel Benoìt, P. Lanterna",Il tredicesimo apostolo,Piemme,,,0,Romanzo
L48,"Omero, M. Savini, V. Monti",Iliade. Ediz. integrale,I Minimammut,,,0,Classici
L309,"Simone Casu, Giovanni Spinicchia",Impara a disegnare. Corso completo di disegno con il metodo Ve.ra.di. Vedere ragionare disegnare,Macro Edizioni Gold,,,0,Arte
L619,Clinton Pierce,Imparare Perl in 24 ore. Con CD-ROM,Tecniche Nuove,,,0,Informatica
L269,"Alberto Angela, L. Tarlazzi",Impero. Viaggio nell'Impero di Roma seguendo una moneta,Mondadori,,,0,Storia
L504,Graham Hancock,Impronte degli dei,TEA,,,0,Storia
L490,Jorge Volpi,In cerca di Klingsor,Mondadori,,,0,Romanzo
L196,"Danila Comastri Montanari, L. Sanvito",In corpore sano,Hobby Work Publishing,,,0,Romanzo
L526,"Corrado Augias, Mauro Pesce",Inchiesta su Gesu? : chi era l?uomo che ha cambiato il mondo,Mondadori,,,0,Religione
L521,"Robert Andrews, Jules Brown, Phil Lee, Rob Humphreys",Inghilterra,Vallardi Viaggi,,,0,Viaggi
L493,Oriana Fallaci,Insciallah,BUR Biblioteca Univ. Rizzoli,,,0,Romanzo
L108,"John Peter Sloan, S. Pedroni",Instant english,Gribaudo,,,0,Lingue
L198,Carlo Lucarelli,Intrigo italiano,Einaudi,,,0,Romanzo
L618,vuoto,Introduzione a SQL,Addison Wesley,,,0,Informatica
L380,Giorgio Faletti,Io sono Dio,Baldini Castoldi Dalai,,,0,Romanzo
L92,Giorgio Faletti,Io uccido,Dalai Editore,,,0,Romanzo
L627,Tim Vicary,Ireland: 700 Headwords (Oxford Bookworms Library),Oxford University Press,,,0,Lingue
L518,"Margaret Greenwood, Geoff Wallis, Mark Connolly, Hildi Hawkins",Irlanda,Vallardi Viaggi,,,0,Viaggi
L54,"Aldous Huxley, David Bradshaw",Island,Vintage Classics,,,0,Romanzo
L617,Aaron E. Walsh,J2EE,McGraw-Hill Companies,,,0,Informatica
L616,vuoto,JAVA 2,McGraw-Hill Companies,,,0,Informatica
L615,"Danny Goodman, Michael Morrison",ja<x>vascript. La guida,McGraw-Hill Companies,,,0,Informatica
L614,vuoto,JOOMLA,Hoepli,,,0,Informatica
L516,Sylvio Fresco,Kenya,Ulysse Network,,,0,Viaggi
L394,Christian Jacq,KEOPS IL ROMANZO DELLA PIRAMIDE (IL TESTAMENTO DEGLI DEI TRADUCCION DE PATRICIA CHENDI),MONDADORI,,,0,Romanzo
L478,Manfred Clauss,"L' antico Egitto. Dagli albori della civiltà egiziana alla formazione del primo Impero, il Nuovo Regno e la grande regina Cleopatra",Newton Compton,,,0,Archeologia
L612,Sigmund Freud,L' uomo Mosè e la religione monoteistica,Bollati Boringhieri,,,0,Psicologia
L514,Giancarlo De Cataldo,"L'India, l'elefante e me",Rizzoli,,,0,Viaggi
L610,Richard Branson,"Screw it, let's do it",Virgin books,,,0,Autobiografico
L120,"Lin Anderson, L. Rodin?",La bambina che giocava con il fuoco,Newton Compton,,,0,Gialli
L452,Ernesto Che Guevara,Il pensiero di Che Guevara,Edizioni Unicopli,,,0,Politica
L20,"Hannah Arendt, P. Bernardini",La banalità del male. Eichmann a Gerusalemme,Universale Economica. Saggi,,,0,Storia
L609,Jonathan Coe,La banda dei brocchi,Feltrinelli,,,0,Romanzo
L121,"Glenn Cooper, G. P. Gasperi",La biblioteca dei morti,Nord,,,0,Romanzo
L382,Giorgio Chinnici,Guarda caso: I meccanismi segreti del mondo quantistico,hoepli,,,0,Fisica
L385,Andrea Camilleri,La caccia al tesoro,Sellerio Editore,,,0,Romanzo
L293,"Roland Barthes, Renzo Guidieri, R. Guidieri",La camera chiara. Nota sulla fotografia,Einaudi,,,0,Fotografia
L608,Gerri Brightwell,La casa dei segreti,Newton Compton,,,0,Romanzo
L607,Jonathan Coe,La Casa Del Sonno (Universale Economica) (Italian Edition),Feltrinelli,,,0,Romanzo
L318,"Carlo Verdone, F. Maiello",La casa sopra i portici,Bompiani,,,0,Attualita
L59,Martin Rua,La cattedrale dei nove specchi. Parthenope trilogy,Newton Compton,,,0,Romanzo
L77,Baldassarre Mancuso,La città eterna,Fermenti,,,0,Romanzo
L146,Andrea Camilleri,La concessione del telefono,Sellerio Editore Palermo,,,0,Romanzo
L66,Livio Jannattoni,La cucina romana e del Lazio,Newton Compton,,,0,Cucina
L606,Andrea Camilleri,La danza del gabbiano,Sellerio Editore,,,0,Romanzo
L317,Pierre Dukan,La dieta Dukan,Sperling Kupfer,,,0,Dieta
L306,Andrea Frediani,La dinastia. Il romanzo dei cinque imperatori,Newton Compton,,,0,Romanzo
L263,Rodolfo Lanciani,La distruzione dell'antica Roma. Lo scempio dei monumenti nel corso dei secoli,Intra Moenia,,,0,Archeologia
L206,"Dante Alighieri, L. Polacco, G. Vandelli",La Divina Commedia,Letteratura,,,0,Classici
L605,Jonathan Coe,La Famiglia Winshaw (Universale Economica) (Italian Edition),Feltrinelli,,,0,Romanzo
L23,Apuleio,La favola di Amore e Psiche. Testo latino a fronte,I Minimammut,,,0,Classici
L453,"Tiziano Terzani, Folco Terzani",La fine è il mio inizio,Longanesi,,,0,Biografia
L136,Andrea Camilleri,La forma dell'acqua,Sellerio Editore Palermo,,,0,Romanzo
L406,Mario Pincherle,La Grande piramide e lo Zed : nuove scoperte nella piramide : come fu costruita e cosa nasconde,Macro,,,0,Archeologia
L237,Edward N. Luttwak,La grande strategia dell'impero romano,BUR Biblioteca Univ. Rizzoli,,,0,Storia
L367,Wilbur Smith,La legge del deserto,Longanesi,,,0,Romanzo
L73,"Laurence Gardner, M. E. Morin",La linea di sangue del Santo Graal. La storia segreta dei discendenti del Graal,Newton Compton,,,0,Storia
L155,"Andrea Camilleri, Tullio De Mauro",La lingua batte dove il dente duole,Laterza,,,0,Lingue
L419,Carlo Goldoni,La locandiera,Newton Compton,,,0,Commedia
L138,Andrea Camilleri,La luna di carta,Sellerio Editore Palermo,,,0,Romanzo
L4,Guido Melis,La macchina imperfetta. Immagine e realtà dello Stato fascista,Collezione Di Testi E Di Studi,,,0,Storia
L7,"Enrico Mentana, Liliana Segre",La memoria rende liberi. La vita interrotta di una bambina nella Shoah,Rizzoli,,,0,Storia
L257,Simonetta Agnello Hornby,La Mennulara,Feltrinelli,,,0,Romanzo
L126,"Giulietto Chiesa, Guido Cosenza, Luigi Sertorio",La menzogna nucleare. Perchè tornare all'energia atomica sarebbe gravemente rischioso e completamente inutile,Ponte alle Grazie,,,0,Ambiente
L129,Andrea Camilleri,La mossa del cavallo,BUR Biblioteca Univ. Rizzoli,,,0,Romanzo
L255,"Elie Wiesel, D. Vogelmann",La notte,Giuntina,,,0,Romanzo
L439,Wilbur Smith,La notte del Leopardo,Tea,,,0,Romanzo
L13,Roberto Riccardi,La notte della rabbia,Einaudi. Stile Libero Big,,,0,Romanzo
L132,Andrea Camilleri,La paura di Montalbano,Mondadori,,,0,Romanzo
L604,Jonathan Coe,La pioggia prima che cada,Feltrinelli,,,0,Romanzo
L144,Andrea Camilleri,La pista di sabbia,Sellerio Editore Palermo,,,0,Romanzo
L157,Antonio Gramsci,La Questione Meridionale,CreateSpace Independent Publishing Platform,,,0,Politica
L319,Andrea Camilleri,La Regina di Pomerania: E altre storie di Vigàta,Sellerio Editore,,,0,Romanzo
L72,Giordano Sivini,La resistenza dei vinti. Percorsi nell'Africa contadina,Feltrinelli,,,0,Sociologia
L149,Andrea Camilleri,La rete di protezione,Sellerio Editore Palermo,,,0,Romanzo
L246,"Irving Sloane, T. Rizzi, E. Torchio",La riparazione della chitarra. Manuale sulla riparazione delle chitarre e degli strumenti tastati,Cremonabooks,,,0,Hobby
L527,"Lynn Picknett, Clive Prince",La rivelazione dei templari,Sperling & Kupfer,,,0,Religione
L320,Bruno Tinti,La rivoluzione delle tasse. Contro il partito degli evasori,Chiarelettere,,,0,Politica
L449,Andrea Camilleri,La rizzagliata,Sellerio Editore,,,0,Romanzo
L194,Luciano Canfora,La schiavità del capitale,Il Mulino,,,0,Economia
L165,Marco Travaglio,La scomparsa dei fatti. Si prega di abolire le notizie per non disturbare le opinioni,Il Saggiatore,,,0,Sociologia
L494,Leonardo Sciascia,La Scomparsa di Majorana,Adelphi,,,0,Storia
L37,Andrea Camilleri,La Setta Degli Angeli,Sellerio di Giorgianni,,,0,Romanzo
L84,Paolo Giordano,La solitudine dei numeri primi,Mondadori,,,0,Romanzo
L434,Wilbur Smith,La spiaggia infuocata,Tea,,,0,Romanzo
L96,vuoto,La Storia Vol.1 dalla preistoria agli Egizi,Repubblica,,,0,Storia
L501,Paulo Cohelo,La Strega di Portobello,BOMPIANI,,,0,Romanzo
L44,Andrea Camilleri,La targa,Scala Italiani,,,0,Romanzo
L41,Elido Fazi,"La terza guerra mondiale? La verità sulle banche, Monti e l'euro",Fazi,,,0,Economia
L95,"Steve Berry, E. Villa",La tomba di ghiaccio,Nord,,,0,Romanzo
L141,Andrea Camilleri,La vampa d'agosto,Sellerio Editore Palermo,,,0,Romanzo
L496,Dan Brown,La Verita Del Ghiaccio,Arnoldo Mondadori Editore,,,0,Romanzo
L405,Tacconi,La Verità Perduta,Mondadori,,,0,Romanzo
L427,Wilbur Smith,La voce del tuono,Tea,,,0,Romanzo
L603,Franz Monssen,Laboratorio di circuiti elettrici con OrCAD PSpice,Apogeo,,,0,Elettronica
L207,Leonardo Sciascia,L'affaire Moro (Piccola Biblioteca Adelphi),Adelphi,,,0,Politica
L460,Gabriel Garcia Marquez,L'Amore ai Tempi del Colera,Mondadori,,,0,Romanzo
L245,Catherine Salles,L'amore al tempo dei romani,Gremese Editore,,,0,Storia
L595,José Saramago,Cecità,Feltrinelli,,,0,Romanzo
L456,Arthur Phillips,L'Archeologo,Rizzoli,,,0,Gialli
L462,Ovidio,L'Arte d'Amare,Rizzoli - RCS Libri,,,0,Classici
L311,Betty Edwards,L'arte del colore. Guida pratica all'uso dei colori,Longanesi,,,0,Arte
L214,"Art Wolfe, Rob Sheppard",L'arte della fotografia. Ediz. a colori,White Star,,,0,Fotografia
L168,Nicola Gardini,Latino,Alpha Test,,,0,Lingue
L67,"Rinaldo Donzelli, Bruno Munari, Piero Polato",Lavori in legno,Orsa Maggiore,,,0,Hobby
L162,Gianni Oliva,L'avventura coloniale italiana. L'Africa Orientale Italiana (1885-1942),Edizioni del Capricorno,,,0,Storia
L135,Andrea Camilleri,Le ali della sfinge,Sellerio Editore Palermo,,,0,Romanzo
L117,A.Conan Doyle,Le avventure di Sherlock Holmes,Newton,,,0,Gialli
L540,Davide Castellini,Le canzoni di Peter Gabriel,Editori Riuniti,,,0,Musica
L337,Berto Dodson,Le chiavi del disegno,Newton Compton,,,0,Arte
L133,Andrea Camilleri,Le inchieste del commissario Collura,Mondadori,,,0,Romanzo
L45,Vittorio Sgarbi,Le meraviglie di Roma. Dal Rinascimento ai giorni nostri,Dizionari Dei Monumenti Italiani,,,0,Arte
L76,"Laurence Gardner, A. Moro, T. Topini",Le misteriose origini dei re del Graal,Newton Compton,,,0,Storia
L602,Ernest Hemingway,Le Nevi del Kilimangiaro / The Snows of Kilimanjaro [Bilingual Text],Mondadori,,,0,Romanzo
L60,Martin Rua,Le nove chiavi dell'antiquario. Parthenope trilogy,Newton Compton,,,0,Romanzo
L275,George L. Mosse,Le origini culturali del Terzo Reich,Il Saggiatore Tascabili,,,0,Storia
L662,Gaetano Salvemini,Le origini del fascismo in Italia,Feltrinelli,,,0,Storia
L145,Andrea Camilleri,Le pecore e il pastore,Sellerio Editore Palermo,,,0,Romanzo
L68,"Javier Sierra, C. Marinelli",Le porte dei templari,Net,,,0,Romanzo
L348,Fabio Volo,Le prime luci del mattino,Mondadori,,,0,Romanzo
L172,Oriana Fallaci,Le radici dell'odio. La mia verità sull'Islam,Rizzoli,,,0,Sociologia
L227,Hans Jonas,Il concetto di Dio dopo Auschwitz,Il melangolo,,,0,Saggi
L316,Pierre Dukan,Le ricette della dieta Dukan. 350 ricette per dimagrire senza soffrire,Sperling Kupfer,,,0,Dieta
L8,Gianrico Carofiglio,Le tre del mattino,Einaudi,,,0,Romanzo
L43,Emanuele Campiglio,L'economia buona,Presente Storico,,,0,Economia
L530,Christian Jacq,L'Egitto dei grandi Faraoni,Mondadori,,,0,Archeologia
L379,Muriel Barberry,L'eleganza Del Riccio,EO,,,0,Romanzo
L90,Pietro Borromeo,L'enigma del Bafometto,Fermento,,,0,Romanzo
L418,Alberto Bevilacqua,L'eros,Mondadori,,,0,Romanzo
L421,Luigi. Pirandello,L'Esclusa,Garzanti,,,0,Letteratura
L152,Michele Brambilla,L'eskimo in redazione,Mondadori,,,0,Politica
L199,Carlo Lucarelli,L'estate torbida,Einaudi,,,0,Romanzo
L284,Ian Rankin,Let It Bleed,Orion,,,0,Gialli
L636,Andrea Camilleri,L'eta del dubbio,Sellerio Editore,,,0,Romanzo
L229,Sabrina Torno,Letteratura latina,Alpha Test,,,0,Lingue
L342,Allison Weir,Traitors of the Tower,Vintage UK,,,0,Storia
L88,"Vincent Van Gogh, M. Cescon, M. Donvito, B. Casavecchia",Lettere a Theo,Guanda,,,0,Arte
L114,"Antonio Gramsci, P. Spriano",Lettere dal carcere,Einaudi,,,0,Politica
L170,Joseph Conrad,Cuire di Tenebra,Feltrinelli,,,0,aa
L332,Stephen Shore,Lezione di fotografia. La natura delle fotografie,Phaidon,,,0,Fotografia
L455,Margherita Hack,Libera scienza in libero Stato,Rizzoli,,,0,Sociologia
L369,Frank Schatzing,Limit,Nord,,,0,Romanzo
L416,Milan Kundera,L'Insostenibile Leggerezza dell'essere,Adelphi,,,0,Romanzo
L601,Carla Schroder,Linux cookbook,Tecniche Nuove,,,0,Informatica
L556,Craig Hunt,Linux Network Server,Jackson Libri,,,0,Informatica
L463,"Hill B. Mako, J. Bacon, C. Burger",Linux Ubuntu. La guida ufficiale.,Mondadori Informatica,,,0,Informatica
L499,Jonathan Nasaw,L'Isola della strage - Morte ai Caraibi,Mondadori,,,0,Gialli
L203,"Christina Lamb, Nujeen Mustafa",Lo straordinario viaggio di Nujeen. Dalla Siria alla Germania in sedia a rotelle per fuggire dalla guerra,Harpercollins Italia,,,0,Narrativa
L481,Paulo Coelho,Lo Zahir,Bompiani,,,0,Romanzo
L279,Michael Freeman,L'occhio del Fotografo - La composizione nella fotografia digitale,Logos,,,0,Fotografia
L184,Irene Belloni,L'occhio di Horus,lulu.com,,,0,Romanzo
L71,Pietro Borromeo,L'ombra del Bafometto,Fermento,,,0,Romanzo
L437,Wilbur Smith,L'ombra del sole,Tea,,,0,Romanzo
L611,Carlos Ruiz Zafon,L'ombra Del Vento,Mondadori,,,0,Romanzo
L253,Edward Rutherfurd,London,Arrow,,,0,Romanzo
L525,Touring club italiano,London,Servizio cartigrafico del Touring club italiano,,,0,Viaggi
L524,Lonely Planet,London (Italian Edition),Lonely Planet Publications - Italian editions,,,0,Viaggi
L354,vuoto,Londra,Touring,,,0,Viaggi
L522,Rob Humphreys,Londra,Vallardi Viaggi,,,0,Viaggi
L523,Ilona Jerger,E Marx tacque nel giardino di Darwin,Neri Pozza Editore,,,0,Romanzo
L292,"Walter Benjamin, E. Filippini, M. Valagussa",L'opera d'arte nell'epoca della sua riproducibilità tecnica,Einaudi,,,0,Fotografia
L186,Carlo Rovelli,L'ordine del tempo,Adelphi,,,0,Fisica
L505,Matilde Asensi,L'Origine Perduta,Sonzogno,,,0,Romanzo
L435,Wilbur Smith,L'uccello del sole,Tea,,,0,Romanzo
L507,Matilde Asensi,L'Ultimo Catone,Sonzogno,,,0,Romanzo
L205,Emiliano Fittipaldi,"Lussuria. Peccati, scandali e tradimenti di una Chiesa fatta di uomini",Serie Bianca,,,0,Saggi
L600,Bob Dylan,Lyrics 1962-2001. Testo inglese a fronte,Feltrinelli,,,0,Musica
L189,Costantino D'Orazio,Ma liberaci dal male,Sperling Kupfer,,,0,Romanzo
L389,Christian Jacq,Maat,Mondadori,,,0,Romanzo
L543,Chuck Toporek,Mac OS X Leopard. Guida pocket,Tecniche Nuove,,,0,Informatica
L209,Antonio Pennacchi,Mammut,Oscar Contemporanea,,,0,Romanzo
L202,"Gianni Barbaceto, Peter Gomez, Marco Travaglio",Mani pulite 25 anni dopo,Chiarelettere,,,0,Saggi
L362,Vari,Manuale Cremonese di Elettrotecnica,Edizioni Cremonese,,,0,Manuali
L363,Vari,Manuale Cremonese di MECCANICA,Edizioni Cremonese,,,0,Manuali
L360,Vari,"Manuale Cremonese di MECCANICA ELETTROTECNICA ELETTRONICA, parte generale",Edizioni Cremonese,,,0,Manuali
L359,Vari,"Manuale Cremonese di MECCANINCA ELETTORTECNICA ELETTRONICA, Indici: generale, autori, analitico",Edizioni Cremonese,,,0,Manuali
L358,Vari,Manuale del Perito in elettronica telecomunicazioni energia nucleare,Edizioni Cremonese,,,0,Manuali
L383,Carlos Ruiz Zafon,Marina,Mondadori,,,0,Romanzo
L517,"Mark Ellingham, Shaun McVeigh, Daniel Jacobs, Hamish Brown",Marocco,Vallardi Viaggi,,,0,Viaggi
L599,Doris Lessing,Martha Quest,Feltrinelli,,,0,Romanzo
L140,Andrea Camilleri,Maruzza Musumeci,Sellerio Editore Palermo,,,0,Romanzo
L159,Magaldi Gioele,Massoni. Società a responsabilità illimitata. La scoperta delle Ur-Lodges,Chiarelettere,,,0,Saggi
L356,"Albrecht Beutelspacher, A. Peroni",Matematica. Tutto quello che avreste voluto sapere. 101 domande e risposte,Ponte Alle Grazie,,,0,Matematica
L166,"Marguerite Yourcenar, L. Storoni Mazzolani",Memorie di Adriano. Seguite dai taccuini di appunti,Einaudi,,,0,Storia
L500,Martha Nasib?,Memorie di una principessa etiope,Neri Pozza,,,0,Romanzo
L339,Tim Wu,The Master Switch,Atlantic Books,,London,0,Saggi
L35,Maurizio Pallante,Meno e meglio. Decrescere per progredire,Mondadori,,,0,Saggi
L343,"Thomas Thoenes, Frank Z?llner",Michelangelo,Taschen,,,0,Arte
L91,"Khaled Hosseini, I. Vaj",Mille splendidi soli,Piemme,,,0,Romanzo
L148,Vittorio Lingiardi,Mindscapes. Psiche nel paesaggio,Cortina Raffaello,,,0,Sociologia
L428,Wilbur Smith,Monsone,Tea,,,0,Romanzo
L240,Danila Comastri Montanari,Morituri te salutant,Hobby Work Publishing,,,0,Romanzo
L221,Danila Comastri Montanari,Mors tua,Oscar Bestsellers,,,0,Romanzo
L285,Ian Rankin,Mortal Causes,Ian Rankin,,,0,Gialli
L277,Antonio Cederna,Mussolini urbanista. Lo sventramento di Roma negli anni del consenso,Corte del Fontego,,,0,Saggi
L598,Michael Kofler,My SQL 5,Apogeo,,,0,Informatica
L597,Bois Paul Du,MySQL,Pearson Education Italia,,,0,Informatica
L470,"Paul DuBois, Stefan Hinz, Carsten Pedersen",MySQL 5.0 Certification Study Guide (MySQL Press),MySQL Press,,,0,Informatica
L596,"Jeremy D. Zawodny, Derek J. Balling",MySQL. Guida avanzata,Tecniche Nuove,,,0,Informatica
L469,MySQL AB,MySQL. Guida ufficiale,Mondadori Informatica,,,0,Informatica
L441,Lewis,Naples '44: A World War II Diary of Occupied Italy,DaCapo Press,,,0,Storia
L239,"Boris Pahor, E. Martin",Necropoli,Fazi,,,0,Romanzo
L392,Christin Jacq,Nefer,Mondadori,,,0,Romanzo
L377,Alan Drew,Nei giardini d'acqua,Piemme,,,0,Romanzo
L18,"Chris Offutt, R. Serrai",Nelle terre di nessuno,Sotterranei,,,156,Racconti
L236,Danila Comastri Montanari,Nemesis,Hobby Work Publishing,,,0,Romanzo
L30,Marcella Russano,"Nero a meta'. Dalle origini a ""Grande madre"" tutta la poesia di Pino Daniele",Best Bur,,,0,Musica
L102,CHRISTINA LATHAM-KOENIG CLIVE OXENDEN,NEW ENGLISH FILE INTERMEDIATE PACK WITHOUT KEY MULTIROM PACK (NEW ENGLISH FILE INTERMEDIATE PACK),Oxford University Press,,,0,Lingue
L657,vari,New Yorkers - Short Stories: 700 Headwords (Oxford Bookworms Library),Oxford University Press,,,0,Lingue
L83,Giorgio Faletti,Niente di vero tranne gli occhi,Dalai Editore,,,0,Romanzo
L473,Franco Battiato,Niente e' come sembra. Con DVD,Bompiani,,,0,Musica
L271,George Orwell,Nineteen Eighty-four,Penguin,,,0,Romanzo
L109,"Carlo Conti, E. Giovannini, L. Siano",Noi che... I migliori anni,Mondadori,,,0,Attualita
L27,vuoto,vuoto,vuoto,,,0,Animali
L347,Margaret Mazzantini,Non Ti Muovere,Mondadori,,,0,Romanzo
L232,Alberto Burgio,Nonostante Auschwitz. Il ritorno del razzismo in Europa,Deriveapprodi,,,0,Saggi
L63,Carlo Tronchetti,Nora,Delfino Carlo Editore,,,0,Archeologia
L412,Giovanni Boccaccio,Novelle dal Decameron,Vallardi A.,,,0,Letteratura
L233,Paulo Coelho,O Alquimista,"Bertrand, Livraria",,,0,Romanzo
L116,Antonio Gramsci,Odio gli indifferenti,Chiarelettere,,,0,Saggi
L169,Francis Scott Fitzgerald,Il grande Gatsby,Feltrinelli,,,0,Romanzo
L51,Omero,Odissea. Ediz. integrale,Newton Compton,,,0,Letteratura
L101,Charles Dickens,Oliver Twist: 2500 Headwords (Oxford Bookworms Library),Oxford University Press,,,0,Romanzo
L283,Ian McEwan,On Chesil Beach,Vintage,,,0,Romanzo
L532,Marquez Gabriel Garcia,Opere narrative. Vol. 1,Mondadori,,,0,Letteratura
L533,Marquez Gabriel Garcia,Opere narrative. Vol. 2,Mondadori,,,0,Letteratura
L17,"Giacomo Leopardi, A. Prete",Operette Morali,Universale Economica. I Classici,,,0,Letteratura
L468,"Kevin Loney, Marlene Theriault",Oracle 9i DBA. Implementazioni di soluzioni amministrative per esperti,McGraw-Hill Oracle Press,,,0,Informatica
L594,Michael McLaughlin,Oracle Database 10g Express Edition PHP Web Programming (Osborne ORACLE Press Series),McGraw-Hill Osborne Media,,,0,Informatica
L464,Edward Whalen,Oracle Database 10g. Amministrazione in Linux,McGraw-Hill Companies,,,0,Informatica
L466,"Scott Hurman, Ron Hardman, Michael McLaughin",Oracle Database 10g. Programmazione PL/SQL,McGraw-Hill Oracle Press,,,0,Informatica
L467,Jason Price,Oracle Database 10g. SQL,McGraw-Hill Oracle Press,,,0,Informatica
L465,"Lawrence C. Linnemeyer, Bradley D. Brown",Oracle HTML DB. Applicazioni Express,McGraw-Hill Oracle Press,,,0,Informatica
L89,Wilbur Smith,Orizzonte,RL Libri,,,0,Romanzo
L70,Marco Del Freo,Orizzonte bianco. Scoperte scientifiche e avventura umana nella base italiana in Antartide,Sperling,,,0,Saggi
L372,Karen Blixen,Out of Africa (Penguin Modern Classics),Penguin Classics,,,0,Romanzo
L42,"Albert Sydney Hornby, Sally Wehmeier",Oxford Advanced Learner's Dictionary,Oxford University Press,,,0,Lingue
L100,"Catherine Soanes, Angus Stevenson",Oxford dictionary of English.,Oxford University Press,,,0,Lingue
L592,vuoto,OXFORD STUDY per studenti d'inglese,Oxford University Press,,,0,Lingue
L638,WilliamSomerse Maugham,Painted Veil,VINTAGE,,,0,Romanzo
L208,Antonio Pennacchi,Palude,I Tascabili,,,0,Romanzo
L390,Christin Jacq,Paneb,Mondadori,,,0,Romanzo
L247,Umberto Eco,Pape Satan Aleppe: Cronache di una società liquida,La nave di Teseo,,,0,Saggi
L242,Danila Comastri Montanari,Parce sepulto,Hobby Work Publishing,,,0,Romanzo
L272,"Paolo Puntoni, Renzo De Felice",Parla Vittorio Emanuele III,Il Mulino,,,0,Storia
L396,"Giobbe Covatta, stefano disegni",Parola Di Giobbe,adriano salani editore,,,0,Attualita
L163,Roberta Ferraris,"Pasta madre. Tutto ciò che devi sapere per produrla, conservarla e utilizzarla al meglio",Terre di Mezzo,,,0,Cucina
L555,"Alessandro Bellini, Andrea Guidi",Perl e Internet,McGraw-Hill Companies,,,0,Informatica
L591,Marisa Padovani,Photoshop CS,Apogeo,,,0,Informatica
L326,Scott Kelby,Photoshop CS5 per la fotografia digitale,Pearson,,,0,Informatica
L557,"Andi Gutmans, Stig Bakken, Derick Rethans",PHP 5 Guida completa,Apogeo,,,0,Informatica
L590,vuoto,PHP 5. Guida per lo sviluppatore,Hoepli,,,0,Informatica
L446,Lin Anderson,Picture Her Dead (Rhona MacLeod),Hodder Stoughton,,,0,Gialli
L266,Angelo Petrella,Pompei. L'incubo e il risveglio,Rizzoli,,,0,Storia
L261,Anna Foa,Portico d'Ottavia n. 13. Una casa del ghetto nel lungo inverno del '43,Laterza,,,0,Romanzo
L548,Mark Mamone,Practical Mono (Expert's Voice in Open Source),Apress,,,0,Informatica
L322,Jane Austen,Pride and Prejudice: 2500 Headwords (Oxford Bookworms Library),Oxford University Press,,,0,Romanzo
L147,"Bart D. Ehrman, M. Grosso","Prima dei vangeli. Come i primi cristiani hanno ricordato, manipolato e inventato le storie su Ges?",Carocci,,,0,Storia
L344,John Ingledew,Professione: fotografo,Logos,,,0,Fotografia
L589,"Mark Lutz, David Asher",Programmare con Python,Hoepli,,,0,Informatica
L588,Cesare Rizzi,Progressive & Underground,Giunti Editore,,,0,Musica
L484,Erich Fromm,Psicoanalisi dell'amore,Newton Compton,,,0,Psicologia
L150,Antonio Manzini,Pulvis et umbra,Sellerio Editore Palermo,,,0,Romanzo
L587,Marco Beri,Python,Apogeo,,,0,Informatica
L430,Wilbur Smith,Quando vola il falco,Tea,,,0,Romanzo
L81,"Agatha Christie, M. G. Griffini, L. Lax",Quattro casi per Hercule Poirot,Mondadori,,,0,Gialli
L413,Hermann Hesse,Racconti,Newton Compton,,,0,Racconti
L536,Franz Kafka,Racconti,Mondadori,,,0,Racconti
L586,Doris Lessing,Racconti africani,Feltrinelli,,,0,Racconti
L585,Doris Lessing,Racconti Londinesi,Feltrinelli,,,0,Racconti
L529,Franco Cimmino,Ramesses II Il Grande,Rusconi,,,0,Romanzo
L408,vuoto,Ramses 4 Regina DI Abu Simbel (Italian Edition),Mondadori,,,0,Storia
L409,vuoto,Ramses o Dimora Millenaria (Italian Edition),Mondadori,,,0,Storia
L407,Christian Jacq,Ramses: L'ultimo nemico,Mondadori,,,0,Romanzo
L80,"Marco Travaglio, Peter Gomez",Regime,BUR Biblioteca Univ. Rizzoli,,,0,Saggi
L471,Andrews Tanenbaum,Reti di Computer,UTET,,,0,Informatica
L26,"Zygmunt Bauman, M. Cupellaro",Retrotopia,Tempi Nuovi,,,0,Sociologia
L583,Roberto Fanchini,Rhinoceros. Guida all'uso,FAG,,,0,Informatica
L250,"Costantino D'Orazio, Mimmo Paladino","Ritratti romani. Chi ha costruito Roma, come e perchè",Palombi Editori,,,0,Saggi
L12,Italo Insolera,Roma fascista: Nelle fotografie dell'Istituto Luce (L'immagine e la storia),Editori riuniti,,,0,Storia
L173,"Ginevra Lovatelli, Adriano Morabito, Marco Gradozzi",Roma insolita e segreta. Ediz. a colori,Jonglez,,,0,Arte
L323,Mario Sconcerti,Romolo. L'alba di Roma da riscrivere,Dalai Editore,,,0,Storia
L593,Stephen King,Running Man,Penguin Books Australia,,,0,Romanzo
L210,Alberto Angela,San Pietro. Segreti e meraviglie in un racconto lungo duemila anni,Di Tutto Di Pi?,,,0,Arte
L235,Danila Comastri Montanari,Saturnalia,Mondadori,,,0,Romanzo
L220,Danila Comastri Montanari,Scelera,Hobby Work Publishing,,,0,Romanzo
L519,"Rob Humphreys, Donald Reid",Scozia,Vallardi Viaggi,,,0,Viaggi
L312,300.000. Ediz. multilingue,"Scozia, Inghilterra del Nord 1:300.000. Ediz. multilingue",Marco Polo,,,0,Viaggi
L492,Oriana Fallaci,Se il Sole Muore,BUR Biblioteca Univ. Rizzoli,,,0,Romanzo
L97,"Peter Gomez, Marco Travaglio",Se li conosci li eviti,Chiarelettere,,,0,Attualita
L56,Andrew Yule,Sean Connery: Neither Shaken nor Stirred,"Little, Brown Book Group",,,0,Biografia
L321,Jackie Maguire,Seasons and Celebrations (Oxford Bookworms Library),Oxford University Press,,,0,Lingue
L280,Lilla Salgado,Sebastiao Salgado. Genesis,Taschen,,,0,Fotografia
L420,Luigi Pirandello,Sei Personaggi in Cerca d'Autore / Enrico IV (Italian Edition),Mondadori,,,0,Letteratura
L581,"Mark Wilding, Dan Behman",Self service Linux,Apogeo,,,0,Informatica
L105,Dino Buzzati,Sessanta Racconti,Mondadori,,,0,Racconti
L483,Sigmund Freud,Sessualità e vita amorosa,Newton Compton,,,0,Psicologia
L188,Carlo Rovelli,Sette brevi lezioni di fisica,Adelphi,,,0,Fisica
L582,Sir Arthur Conan Doyle,Sherlock Holmes Short Stories: 700 Headwords (Oxford Bookworms Library),Oxford University Press,,,0,Lingue
L414,Hermann Hesse,Siddharta,Adelphi,1996,,0,Romanzo
L580,"Ramez A. Elmasri, Shamkant B. Navathe",Sistemi di basi di dati,Pearson Education Italia,,,0,Informatica
L291,Robert Capa,Slightly Out of Focus (Modern Library War),Modern Library,,,0,Storia
L398,Luciano De Crescenzo,Socrate,A. Mondadori,,,0,Filosofia
L538,Giuseppe Gioachino Belli,Sonetti,Mondadori,,,0,Poesia
L238,Danila Comastri Montanari,"Spes, ultima dea",Hobby Work Publishing,,,0,Romanzo
L579,Mario Biey,Spice e PSpice. Introduzione all'uso,CLUT,,,0,Elettronica
L211,"Mary Beard, A. Piccato",SPQR. Storia dell'antica Roma,Mondadori,,,0,Storia
L82,Paolo Villaggio,Storia della libertà di pensiero,Feltrinelli,,,0,Sociologia
L528,Franco Cimmino,Storia delle Piramidi,Rusconi,,,0,Storia
L204,Silvio Lanaro,Storia dell'Italia repubblicana (1946-1991),Marsilio,,,0,Storia
L264,Indro Montanelli,Storia di Roma,BUR Biblioteca Univ. Rizzoli,,,0,Storia
L537,Erodoto,Storie. Testo greco a fronte. Vol. 1: Libri I-IV.,Mondadori,,,0,Letteratura
L14,"David Gibson, M. Villa",Street photography. Manuale del fotografo di strada,Il Castello,,,0,Fotografia
L297,Ian Rankin,Strip Jack,Orion Books,,,0,Gialli
L193,"Gaetano Salvemini, S. Bucchi",Sulla democrazia,Bollati Boringhieri,,,0,Politica
L294,"Susan Sontag, Ettore Capriolo, E. Capriolo",Sulla fotografia. Realtà e immagine nella nostra societ,Einaudi,,,0,Fotografia
L458,Barack Obama,Sulla razza. Testo inglese a fronte,Rizzoli,,,0,Sociologia
L431,Wilbur Smith,Sulla rotta degli squali,Tea,,,0,Romanzo
L415,"Hermann Hesse, Bruna Bianchi",Sull'amore,Mondadori,,,0,Sociologia
L411,"Hermann Hesse, Paola Sorge",Sull'anima,Newton e Compton,,,0,Saggi
L578,Thomas Myer,Sviluppo Web con XML e PHP,Mondadori Informatica,,,0,Informatica
L577,Jens Finke,Tanzania,Vallardi Viaggi,,,0,Viaggi
L181,"William Shakespeare, G. Melchiori",Teatro completo. Testo inglese a fronte. 2.Le commedie romantiche,Mondadori,,,0,Classici
L489,Thomas Sanders,Terreno di Gioco,Sonzogno,,,0,Romanzo
L531,vuoto,Testi religiosi dell'antico Egitto,Mondadori,,,0,Religione
L249,Donald Omand,The Argyll Book,"Birlinn, Limited",,,0,Storia
L58,Anthony Ryder,The Artist's Complete Guide to Figure Drawing: A Contemporary Perspective On the Classical Tradition,Watson-Guptill,,,0,Arte
L301,J.K. Rowling,The Casual Vacancy,"Little, Brown",,,0,Romanzo
L574,Robert Galbraith,The Cuckoo's Calling,"Little, Brown Book Group",,,0,Romanzo
L422,"Leonard Mlodinow, Stephen Hawking",The Grand Design,Bantam,,,0,Fisica
L584,Sir Arthur Conan Doyle,The Hound of the Baskervilles (Penguin Popular Classics),Penguin Classics,,,0,Gialli
L370,Jonathan Coe,The House of Sleep,Penguin,,,0,Romanzo
L547,"Mark Logue, Peter Conradi",The King's Speech,Quercus Publishing Plc,,,0,Romanzo
L378,Khaled Hosseini,The Kite Runner,Bloomsbury Publishing Inc,,,0,Romanzo
L613,Stephen S. Mehler,The Land of Osiris,Adventures Unlimited Press,,,0,Archeologia
L31,Martin Sixsmith,The Lost Child of Philomena Lee,Pan,,,0,Romanzo
L296,Doyle Arthur Conan,The memories of Sherlock Holmes,Giunti Editore,,,0,Gialli
L34,Agatha Christie,The Mystery of the Blue Train (Hercule Poirot Mysteries),Penguin,,,0,Gialli
L653,Ansel Adams,"The Negative (Ansel Adams Photography, Book 2)","Little, Brown",,,0,Fotografia
L57,Ansel Adams,"The Print (Ansel Adams Photography, Book 3)","Little, Brown",,,0,Fotografia
L368,Jonathan Coe,The Rain Before It Falls,Viking Books,,,0,Romanzo
L442,Lin Anderson,The Reborn: Rhona Macleod Book 7 (Rhona Macleod 7),Hodder,,,0,Romanzo
L273,Jason Mott,The returned,Harlequin Mondadori,,,0,Romanzo
L158,David Sax,The Revenge of Analog: Real Things and Why They Matter,PublicAffairs,,,0,Attualita
L573,Robert Galbraith,The Silkworm (Cormoran Strike),Sphere,,,0,Romanzo
L559,Nigel Tranter,The Story of Scotland,Neil Wilson Publishing,,,0,Storia
L338,Jonathan Coe,The Terrible Privacy of Maxwell Sim,Penguin Books,,,0,Romanzo
L314,Isabel Wilkerson,The Warmth of Other Suns: The Epic Story of America's Great Migration (Vintage),Vintage,,,0,Storia
L325,Susan Hill,The woman in black (La donna in nero),Polillo,,,0,Romanzo
L327,Jerome Kapla Jerome,Three Men in a Boat,Penguin Classics,,,0,Racconti
L346,Niccolo Ammaniti,Ti Prendo E Ti Porto Via,Mondadori,,,0,Romanzo
L286,Ian Rankin,Tooth & Nail,Orion Book,,,0,Romanzo
L443,Franco Giustolisi,L'armadio della vergogna,BEAT,,,0,Storia
L457,Lin Anderson,Torch (Rhona MacLeod),Hodder Stoughton,,,0,Romanzo
L302,Baruch Spinoza,"Trattato dei tre impostori. Mosè, Gesù, Maometto",Piano B,,,0,Saggi
L258,Ernest  Hemingway,True at First Light,Easton Press,,,0,Romanzo
L572,Isaac Rabinovitch,Tutorial Java. Corso rapido. Con CD-ROM,McGraw-Hill Companies,,,0,Informatica
L488,Francesco Totti,Tutte le barzellette su Totti : raccolte da me,Mondadori,,,0,Attualita
L334,Ann Cleeves,The sleeping and the dead,PAN BOOKS,,,0,Romanzo
L94,"Giuseppe Verdi, P. Mioli",Tutti i libretti d'opera,Newton Compton,,,0,Musica
L243,Giovanni Di Iacovo,Tutti i poveri devono morire,Castelvecchi,,,0,Saggi
L79,"Edgar Allan Poe, D. Palladini, I. Donfrancesco","Tutti i racconti del mistero, dell'incubo e del terrore",Newton Compton,,,0,Racconti
L535,Luigi Pirandello,Tutti i romanzi. Vol. 1,Mondadori,,,0,Letteratura
L534,Luigi Pirandello,Tutti i romanzi. Vol. 2,Mondadori,,,0,Letteratura
L571,U2,U2. Tutti i testi con traduzione a fronte,Giunti Editore,,,0,Musica
L433,Wilbur Smith,Uccelli da preda,Tea,,,0,Romanzo
L142,Andrea Camilleri,Un filo di fumo,Sellerio Editore Palermo,,,0,Romanzo
L212,Giuseppe Antonelli,Un italiano vero. La lingua in cui viviamo,Rizzoli,,,0,Lingue
L570,Doris Lessing,Un Matrimonio per Bene (Universale Economica Feltrinelli),Feltrinelli,,,0,Romanzo
L267,Alberto Angela,"Una giornata nell'antica Roma. Vita quotidiana, segreti e curiosit",Mondadori,,,0,Storia
L38,Andrea Camilleri,Una Lama Di Luce,Sellerio di Giorgianni,,,0,Romanzo
L432,Wilbur Smith,Un'aquila nel cielo,Tea,,,0,Romanzo
L262,Wilbur Smith,Vendetta di sangue,Longanesi,,,0,Romanzo
L345,Margaret Mazzantini,Venuto Al Mondo,Mondadori,,,0,Romanzo
L569,Ernest Hemingway,Verdi colline d'Africa,Mondadori,,,0,Romanzo
L139,Carlo Lucarelli,Via delle Oche,Sellerio Editore Palermo,,,0,Romanzo
L197,Franco Pezzini,"Victoriana. Maschere e miti, demoni e dei del mondo vittoriano",Odoya,,,0,Saggi
L374,vuoto,Vini d'Italia 2011,Gambero Rosso GRH,,,0,Cucina
L568,Francesco Balena,Visual Basic 6,Mondadori,,,0,Informatica
L104,"Bertolt Brecht, E. Castellani",Vita di Galileo,Einaudi,,,0,Storia
L248,Nicola Gardini,Viva il latino. Storie e bellezza di una lingua inutile,Garzanti Libri,,,0,Lingue
L74,Andrea Camilleri,"Voi non sapete. Gli amici, i nemici, la mafia, il mondo nei pizzini di Bernardo Provenzano",Mondadori,,,0,Saggi
L182,Andrea Camilleri,I racconti di Nenè,Feltrinelli,,,0,Romanzo
L226,Giuseppe Benedetti / Doantella Coccoli,Gramsci per la scuola,L'asino d'oro,,,0,Saggi
L288,Benjamin Jacobs,Il dentista di Auschwitz,GINGKO,,,0,Romanzo
L298,Flavio Caroli,La storia dell'arte,Electa,,,0,Arte
L307,Ann Cleeves,Too good to be true,PAN BOOKS,,,0,Romanzo
L308,Giovanni Fasanella,Il Puzzle Moro,Chiarelettere,,,0,Saggi
L350,Andrea Camilleri,Il metodo Catalanotti,Sellerio,,,0,Romanzo
L351,Vittorino Andreoli,Il silenzio delle pietre,Rizzoli,,,0,Romanzo
L361,Philip  K. Dick,La svastica sul sole,Fanucci Editore,,,0,Romanzo
L381,Pietro Ratto,L'Honda anomala,Bibliotheka,,,0,Politica
L393,Amedeo Osti Guerrazzi,Gli anni della vergogna 1938-1945,Gangemi editore,,Roma,0,Storia
L395,Michela Murgia,Istruzioni per diventare fascisti,SUPER ET OPERA VIVA,2018,,0,Sociologia
L397,Antonio Manzini,Fater il vostro gioco,Sellerio,2018,Palermo,0,Romanzo
L400,Marco Baliani,Il regno di Acilia,BUR,,Roma,0,Romanzo
L402,Luis Fernando Verissimo,O melhor das Comedias da Vida Privada,OBJETIVA,2013,Rio de Janeiro,0,Racconti
L404,Enrico Mattei,Il complesso d'inferiorità,Edizioni di comunità,,,0,Sociologia
L423,Mark Saborn,Fed Factor,Random House Business Books,,,0,Sociologia
L424,AAVV,Dizionario LATINO,DeAgostini,,,0,Dizionari
L425,"Jessey Bullock, Jeff Parker",Wireshark e Metasploit,Apogeo,,,0,Informatica
L447,Anna Frank,Diario,CRESCERE EDIZIONI,,,0,Storia
L50,Aldo Busi,El especialista de Barcelona,Baldini & Castoldi,,,0,Romanzo
L626,Tom Shore,Pilgrim Spy,Coronet,2018,UK,0,Spionaggio
L639,Alessandra Kersevan,Un campo di concentramento fascista,RESISTENZA STORICA KAPPA VU,,,0,Storia
L641,Pier Paolo Pasolini,Il fascismo degli antifascisti,Garzanti,,,0,Politica
L287,Ian Rankin,Watchman,Orion Books,,,0,Romanzo
L352,Massimo Cotto,We will rock you. Segreti e bugie. 709 canzoni come non le avete mai sentite,BUR Rizzoli,,,0,Musica
L46,Graham Hancock,Il ritorno degli dei,Corbaccio,,,0,Storia
L567,Gunter Beer,Web Design Index,Agile Rabbit,,,0,Informatica
L364,Jonathan Coe,What a Carve Up!,Penguin,,,0,Romanzo
L549,"Martin B. Withers, David Hosking",Wildlife of East Africa (Princeton Illustrated Checklists),Princeton University Press,,,0,Animali
L564,William R. Stanek,Windows Command line. Guida pratica,Mondadori Informatica,,,0,Informatica
L563,Jens Finke,Zanzibar,Vallardi Viaggi,,,0,Viaggi
L666,Aleksandr Isaevic  Solzenicyn,Arcipelago Gulag,Mondadori,,,0,Storia
L665,Philippe Daverio,Grand Tour d'Italia a piccoli passi,Rizzoli,2018,,0,Arte
L667,Zygmunt Bauman,Vita liquida,Laterza,,,0,Sociologia
L668,Zygmunt Bauman,Amore liquido,Laterza,,,0,Sociologia
L669,Zygmunt Bauman,Di nuovo soli,Castelvecchi,,,0,Sociologia
L670,Paul Lowe,1001 Fotografie da vedere nella vita,Atlante,2017,,960,Fotografia
L671,Francesco Amodeo,La Matrix Europea,edizioni Sì,2018,,0,Politica
L672,Antonio Manzini,Rien ne va plus,Sellerio editore Palermo,,,0,Romanzo
L673,"Paolo Giovannini, Marco Palla",Il fascismo dalle mani sporche,Editori Laterza,,,0,Storia
L674,Erasmo da Rotterdam,Elogio della Follia,Mondadori,,,0,Saggi
L675,J. D. Salinger,Il giovane Holden,Einaudi,,,0,Romanzo
L676,Platone,La Repubblica,Laterza,,,0,Filosofia
L677,Epicuro,Lettera sulla felicità,Einaudi,,,0,Filosofia
L678,Giuseppe Riva,Fake news,Il Mulino,,,0,Saggi
L679,Ian Kershaw,Hitler,Bompiani,,,0,Storia
L680,Ann Cleeves,Telling tales,Pan Books,,,0,Romanzo
L681,Muammar Gheddafi,Libro Verde,GOG,,,0,Storia
L682,Erico Verissimo,Incidente em Antares,Companhia De Bolso,,,0,Romanzo
L683,Paolo Rumiz,Appia,Feltrinelli,,,0,Archeologia
,Caio Giulio Cesare,La guerra gallica,BUR,,,0,Storia
L685,Aristotele,Poetica,Laterza,,,0,Filosofia
L686,Philippe Even,Colestdrolo tutta la verità,Tecniche Nuove,,,0,Medicina
L678,Barbara H. Roberts,La verità sul colesterolo,Edizioni punto d'incontro,,,0,Medicina
L688,Massimo Cacciari,La mente inquieta,Einaudi,,,0,Filosofia
L689,Chiara Mercuri,DANTE - una vita in esilio,Laterza,,,0,Storia
L690,Massimo Bacale - Piera Borghetti,Etiopia - il cuore antico dell'Africa,Polaris,,,0,Viaggi
L691,Francesco Piazzi,Lessico essenziale di Latino,Cappelli Editore,,,0,Lingue
L692,Johannes Nathan - Frank Zoller,Leonardo da Vinci - The Graphic Work,TASCHEN,,,0,Arte
L693,E. H. Gombrich,La Storia dell'Arte,Phaidon,,,0,Arte
L694,Gilles Neret,Renoir,Taschen,,,0,Arte
L695,Yuval Noah Harari,"Sapiens, Da animali a dei",Bompiani,,,0,Storia
L697,Angelo del Boca,Gli italiani in Libia - dal fascismo a Gheddafi,,,,0,Storia
L696,Angelo del Boca,Gli italiani in Libia 1860-1922,,,,0,Storia
L698,Giordano Bruno,De Umbris Idearum,Di Renzo Editore,,,0,Saggi
L699,Umberto Eco,Migrazioni e intolleranza,La Nave di Teseo,2019,,0,Saggi
L700,Federico Finchelstein,Dai Fascismi ai Populismi,Donzelli Editore,,,0,Saggi
L701,Giuseppe Catozzella,Non dirmi che hai paura,Feltrinelli,,,0,Romanzo
L702,Carlo Levi,Cristo si è fermato a Eboli,Einaudi,,,0,Romanzo
L703,Franco Berrino,Ventuno giorni per rinascere,Mondadori,,,0,Salute
L704,Jon Erickson,L'arte dell'hacking,Apogeo,,,0,Informatica
L705,Justin Seitz,Python per hacker,Edizioni LSWR,,,0,Informatica
L706,Peter Norton,Le Reti,Apogeo,,,0,Informatica
L707,Fred Butzen,The Linux Network,The M&T Books Slackware series,,,0,Informatica
L711,"Gordon ""Fyodor"" Lyon",NMAP Network Scanning,Nmap.org,,,0,Informatica
L710,Stuart McClure,Hacker 7.0,Apogeo,,,0,Informatica
L709,Marco Buttu,Programmare con Python,pro DigitalLifeStype,,,0,Informatica
L708,Thomas Hobbes,Leviatano,Bompiani,,,0,Filosofia
L712,PLUTO Linux User Group,Linux How To,Apogeo,1996,,0,Informatica
L713,Joe Brockmeier,Slackware Linux 7,PRIMA TECH,2000,,0,Informatica
L714,Michael Kofler,MySQL5 Guida Completa,Apogeo,,,0,Informatica
L715,"Alessandro Vespignani, Rosita Rijitano",L'algoritmo e l'oracolo,Il Saggiatore,2019,,0,Saggi
L716,Guido Saraceni,Fuoco è tutto ciò che siamo,Sperling $ Kupfer,2019,,0,Romanzo
L717,Paolo Rumiz,Il filo infinito,Feltrinelli,2019,,0,Storia
L718,Andrea Vitali,"Documenti, prego",Einaudi,2019,,0,Romanzo
L719,Valerio Massimo Manfredi,Il mio nome è nessuno,Mondadori,,,0,Romanzo
L720,vari,Sicilia,Touring Club Italiano,2018,,0,Viaggi
L721,Andrea Camilleri,Il cuoco dell'Alcyon,Sellerio,2019,,0,Romanzo
L722,Hans Fallada,Ognuno muore solo,Sellerio,2017,,0,Romanzo
L723,Giorgio Colli,La nascita della filosofia,Adelphi,,,0,Filosofia
L724,Annette Hess,L'interprete,Neri Pozza BLOOM,,,0,Romanzo
L725,Primo Levi,"Se non ora, quando?",Einaudi,,,0,Romanzo
L726,Primo Levi,I sommersi e i salvati,Einaudi,,,0,Romanzo
L725,Primo Levi,La tregua,Einaudi,,,0,Romanzo
L728,Primo Levi,Il sistema periodico,Einaudi,,,0,aa
L729,Primo Levi,La chiave a stella,Einaudi,,,0,Romanzo
L730,Concita De Gregorio,Nella Notte,Feltrinelli,,,0,Romanzo
L731,H. Schildt,C guida tascabile,McGrawHill,,,0,Informatica
L732,Marco Beri,Python,Apogeo,,,0,Informatica
L733,Michel Stutz,Linux guida pratica,Mondadori,,,0,Informatica
L734,Joseph Roth,La Cripta dei Cappuccini,Adelphi,,,0,Romanzo
L735,Felice Benuzzi,No Picnic On Mount Kenya,Maclehose Press,,London,0,Romanzo
L736,Cacciari ++,Barbarie,BUR,,,0,Saggi
L737,"Giuseppe Lo Bianco, Sandra Rizza",L'agenda rossa di Paolo Borsellino,Chiarelettere,,,0,Storia
L738,Salvatore Petrotto,Il sistema montante,Bonfirraro editore,,,0,Attualita
L739,Johann Wolgang Goethe,Viaggio in Sicilia,Libri mediterranei,,,0,Storia
L740,Vari,Federico II e il suo tempo,Edizioni di storia e studi sociali,,,0,Storia
L741,Mauro Biglino,Il libro che cambierà per sempre le nostre idee sulla bibbia,Editori UNO,,,0,Storia
L742,Mauro Biglino,La Bibbia non parla di Dio,Mondadori,,,0,Storia
L743,Giovanni Boccaccio,Decameron,Crescere edizioni,,,0,Classici
L744,Ian McEwan,My Purple Scented Novel,Vintage,,,0,Racconti
L745,Ian McEwan,Machines like me,Jonathan Cape,,London,0,Romanzo
L746,Cicerone,De Senectute De Amicitia,Mondadori,,,0,Classici
L747,Claudio Rendina,La grande guida dei monumenti di Roma,Newton Compton,,,0,Archeologia
L748,Claudio Rendina,Guida insolita di Roma,Newton Compton,,,0,Archeologia
L749,Maurizio Viroli,Nazionalisti e Patrioti,Laterza,2019,,0,Saggi
L750,Chiara Mercuri,"Francesco d'Assisi, la storia negata",Laterza,2018,,0,Storia
L751,Alessandro Mulieri,Democrazia Totalitaria,Donzelli Editore,2019,Roma,215,Saggi
L752,Howard M. Berlin,La progettazione dei circuiti amplificaori operazionali,Jackson Italiana Editrice,1979,Milano,0,Elettronica
L753,Howard M. Berlin,La progettazione dei filtri attivi,Jackson Italiana Editrice,1979,Milano,0,Elettronica
L754,Walter Veltroni,Assassinio a Villa Borghese,Marsilio Lucciole,2019,Venezia,205,Gialli
L755,Indro Montanelli,Storia di Roma,Rizzoli,2018,,516,Storia
L756,Luciano Lozio,Microbiota Intestinale,Tecniche nuove,2011,,0,Medicina
L757,Paolo Naso,Le religioni sono vie di pace,Laterza,2019,Roma,0,Saggi
L758,Edward Snowen,Errore di sistema,Longanesi,2019,Milano,0,Autobiografico
L759,Elena Pigozzi,Come difendersi dai Romani,Demetra,2018,,0,Humor
L760,Jonah Goldberg,Miracolo e Suicidio dell'Occidente,Liberilibri,2019,Macerata,0,Politica
L761,Fabio Cusimano,Modo di legare i libri,Officina Studi Medievali,2014,Palermo,0,Hobby
L762,Zap e Ida,Wikibolario,Dario Flaccovio Editore,2018,,0,Humor
L763,Andrea Camilleri,Autodifesa di Caino,Sellerio,2019,Palermo,79,Teatro
L764,Italo Svevo,Una Vita,Garzanti,2019,,356,Romanzo
L765,Italo Svevo,La Coscienza di Zeno,Feltrinelli,2019,,413,Romanzo
L766,Italo Svevo,Senilità,Feltrinelli,2018,,225,Romanzo
L767,"Guillaume Sorel, Christine Coste","Praga, Itinerari d'autore",EDT,,,0,Viaggi
L768,Michelin,Praga,Michelin,,,0,Viaggi
L769,Nigel Pavitt,Samburu,Kyle Cathie Limited,2006,,0,Viaggi
L770,"Mariavittoria Carnovale, Aldo Chietera",Matera,Edizioni Giannatelli,2003,,0,Viaggi
L771,Johan Beck-Friis,Il Cimitero Acattolico di Roma,Casa editrice ALLHM,2013,,0,Archeologia
L772,Gino Montefinale,Cinque Terre e Porto Venere,Edizioni KINA ITALIA,,,0,Viaggi
L773,Vari,Chingula e altre storie,Edizioni dell'Arco,,,0,Fiabe
L774,Vari,Poeti Africani Anti Apartheid,Edizioni dell'Arco,,,0,Poesia
L775,"Salvatore Colombo, Francesco Ticca",Guida di Dorgali e Cala Gonone,Editrice Archivio Fotografico Sardo,,Nuoro,0,Viaggi
L776,Laura Rangoni,Piatti Unici 500 ricette,Newton Compton Editori,,,0,Cucina
L777,Alessandro Roccati,Museo Egizio di Torino,Istituto Poligrafico e Zecca dello Stato,1999,,0,Archeologia
L778,"Elena Luraghi, Cinzia Rando",52 weekend da sogno,National Geographic,,,0,Viaggi
L779,Vari,Elba tutte le spiagge,Gruppo editoriale Nove,,,0,Viaggi
L780,Vari,Rosslyn Chapel,The Earl of Rosslyn,,,0,Viaggi
L781,Vari,Il Castello di Edimburgo,Historic Scotland,,,0,Viaggi
L782,Vari,The Burrel Collection,Harper Collins,,Glasgow,0,Archeologia
L783,Piero Gelli,Dizionario dell'Opera 2008,Baldini Castoldi Dalai,2007,,0,Musica
L784,Vari,Brasile,Lonely Planet,,,0,Viaggi
L785,"Marco Gustin, Mattia Brambilla, Claudio Celada","Conoscerli, Proteggerli",LIPU,2019,,0,Ambiente
L786,Francesco Sinagra,Il Ghetto di Roma,Edizioni Gaia,2007,,0,Archeologia
L787,Vari,Siena,Tempo Libero,,,0,Viaggi
L789,Vari,Osterie d'Italia 2020,Slow Food Editore,2019,,0,Cucina
,Vari,I Borghi più belli d'Italia,Società Editrice Romana,,,0,Viaggi
L790,Roberto Calasso,Il Libro di Tutti i Libri,Adelphi,2019,,0,Saggi
L791,Chris Knight,Il Ritratto Perfetto,Apogeo,2019,,224,Fotografia
L792,"Corrado Augias, Giovanni Filoramo",Il Grande Romanzo dei Vangeli,Einaudi,2019,,0,Storia
L793,Melania Gaia Mazzucco,L'Architettrice,Einaudi,2019,,0,Romanzo
L794,James Redfield,La Profezia di Celestino,Corbaccio,,,0,Romanzo
L795,Yuval Noah Harari,"Homo Deus, breve storia del futuro",Bompiani,,,500,Saggi
L796,Vari,Come insultavano gli antichi Romani,Il melangolo,,,0,Archeologia
L797,Valerio Massimo Manfredi,Antica Madre,Mondadori,2019,,0,Romanzo
L798,Yuval Noah Harari,21 Lezioni per il XXI Secolo,Bompiani,2018,,520,Saggi
L799,Heather Dune Macadam,Le 999 donne di Auschwitz,Newton Compton Editore,2019,,330,Romanzo
L800,Hans Tuzzi,Al Vento dell'Oceano,Bollati Boringhieri,,,0,Romanzo
L801,Franco Crivellari,Analisi statistica dei dati con R,Apogeo,,,0,Statistica
L802,Dean Koontz,The Eyes of Darkness,Nkui Inc,1981,,0,Romanzo
L803,Cesare Catananti,Il Vaticano Nella Tormenta,San Paolo,,,0,Storia
L804,Albert Camus,La Peste,Bompiani,,,0,Romanzo
L805,Stefano Gasparri,Italia Longobarda,Laterza,,,0,Storia
L806,Ralf Rothmann,IL DIO DI UNA ESTATE,Neri Pozza editore,,,0,Romanzo
L807,Federico De Roberto,I Vicerè,Mondadori,,,0,Romanzo
L808,Richard Wrangham,Il Paradosso della Bontà,Bollati Boringhieri,,,0,Saggi
L809,Mariapia Veladiano,Parole di scuola,Ugo Guanda Editore,2019,,0,Saggi
L810,Cosmo Giacomo Sallustio Salvemini,Epuloni e Lazzari,europa edizioni,2019,,0,Saggi
L810,Francesco Filippi,Mussolini ha fatto anche cose buone,La Repubblica,,,0,Saggi
L812,Paolo Bonolis,Perchè parlavo da solo,Rizzoli,2019,,0,Autobiografico
L813,Stefania Auci,I Leoni Di Sicila,NORD,,,0,Romanzo
L814,Nicola Zamperini,Manuale di disobbedienza digitale,Castelvecchi,,,0,Saggi
L815,Aldo Maria Valli,Come la Chiesa finì,Liberilibri,,,0,Romanzo
L816,Curzio Malaparte,Il buonuomo Lenin,Adelphi,2018,,0,Saggi
L817,Massimo Gaggi,Homo Premium,Laterza,,,0,Saggi
L818,Giuliano Battiston,La sinistra che verrà,minimum fax,,,0,Saggi
L819,Adriano Panzironi,Vivere 120 anni: Le Ricette,WTE editore,,,0,Cucina
L820,Adriano Panzironi,Vivere 120 anni,WTE editore,,,0,Dieta
L821,Seneca,Le Consolazioni,BUR,,,0,Classici
L822,Sandra Evans,Menschen A1.1 kursbuch,Hueber,,,0,Lingue
L823,Sandra Evans,Menschen A1.1 arbeitsbuch,Hueber,,,0,Lingue
L824,Hans Scollo,DEUTSCHE GRAMMATIK FUR ITALIENER,GRAPHICS EDITORE,,,0,Lingue
L825,"G. Espa, R. Micciolo",Analisi esplorativa dei dati con R,Maggioli editore,,,0,Statistica
L826,Maurizio De Pra,Finalmente ho capito la Statistica,Vallardi,,,0,Statistica
L827,Fernando Azervedo,3250 Acordes para violao,Bruno Quaino editores,,Sao Paulo - Brasil,0,Musica
L828,Marc-Uwe Kling,Quality Land per ottimisti,Feltrinelli,,,0,Saggi
L829,Philip Roth,L'Animale Morente,Einaudi,,,0,Romanzo
L830,Philip Roth,Everyman,Einaudi,,,0,Romanzo
L831,Luisa Giacoma - Susanne Kolb,Il Tedesco Smart,Zanichelli,,,0,Dizionari
,Seneca,La tranquillità dell'anima,Acquarelli,1996,,62,Classici
L832,Antonio Manzini,Ah l'amore l'amore,Sellerio,2020,Palermo,0,Romanzo
L834,Erri De Luca,Il contrario di uno,Feltrinelli,2018,,0,Romanzo
L835,Valerio Massimo Manfredi,Idi di Marzo,Mondadori,,,0,Storia
L836,Corrado Augias,Breviario per un confuso presente,Einaudi,2020,Torino,184,Saggi
L837,Ian McEwan,L'Inventore di sogni,Einaudi,,,0,Racconti
L838,Andrea Camilleri,Riccardino,sellerio,2020,,0,Romanzo
L839,James Joyce,Gente di Dublino,La rana volante,,,0,Racconti
L840,Jack London,Il tallone di ferro,Mondadori,,,0,Romanzo
L841,Jack London,Il vagabondo delle stelle,Adelphi,,,0,Romanzo
L842,Jack London,Il popolo dell'abisso,Mondadori,,,0,Romanzo
L843,Antonio Manzini,Sull'orlo del precipizio,sellerio,,,0,Romanzo
L844,"Erik Siegel, Adam Retter",eXist,O'REALLY,2014,,0,Informatica
L845,Fernando Pessoa,Una Sola Moltitudine vol.1,Adelphi,,,0,Poesia
L846,Andrea Camilleri,La danza del gabbiano,Sellerio,,,0,Romanzo
L847,Andrea Camilleri,La caccia al tesoro,Sellerio,,,0,Romanzo
L848,Giulio Cesare,Guerre in Gallia,Mondadori,,,0,Classici
L849,Seneca,Sulla Felicità,BUR,,,0,Classici
L850,John Maynard Keynes,"Teoria Generale dell'occupazione, dell'interesse e della moneta",UTET,,,0,Economia
L851,Fabiano Massimi,L'Angelo di Monaco,Longanesi,2020,,480,Romanzo
L852,Jack London,La Peste Scarlatta,Adelphi,,,0,Romanzo
L853,Stuart Turton,Le sette morti dei Evelyn Headcastle,Neri Pozza,,,0,Gialli
L854,Valérie Perrin,Cambiare l'acqua ai fiori,E/O,,,0,Romanzo
L855,Paolo Berizzi,L'educazione di un fascista,Feltrinelli,,,0,Politica
L856,Theodor W. Adorno,Aspetti del nuovo radicalismo di destra,Marsilio,,,0,Filosofia
L857,Francesco Filippi,Ma perchè siamo ancora fascisti?,Bollati Boringhieri,,,0,Saggi
L859,Antonio Scurati,M. Il figlio del secolo,Bompiani,,,0,Romanzo
L866,Ernest Renan,Vita di Gesù,Amazon,,,0,Storia
L860,Gunther Anders,L'Uomo è antiquato - 1,Bollati Boringhieri,,,0,Filosofia
L861,Baruch Spinoza,Trattato teologico-politico,Einaudi,,,0,Filosofia
L862,Gunther Anders,Noi figli di Eichmann,,,,0,Filosofia
L863,Umberto Eco,Costruire il nemico,La Nave di Teseo,,,0,Saggi
L864,Marcello Simoni,Il segreto del mercante di libri,Newton Compton,,,0,Romanzo
L865,Carlo Alberto Orlandi,Gli archivi segreti della sezione M - V,tre60,,,0,Racconti
L858,Massimo Recalcati,La tentazione del muro,Feltrinelli,,,0,Saggi
L867,Massimo Recalcati,Il gesto di Caino,Einaudi,,,0,Saggi
L868,Mary L. Trump,Too much and Never Enough,Simon & Shuster,,,0,Biografia
L869,Antonio Manzini,Gli ultimi giorni di quiete,Sellerio,2020,,0,Romanzo
L870,Massimo Bavastro,Io ti cercherò,Longanesi,,,0,Romanzo
L871,Ken Follet,Fu sera e fu mattina,Mondadori,2020,,0,Romanzo
L872,Walter Veltroni,Buonvino e il caso del bambino scomparso,Marsilio,2020,,0,Romanzo
L873,IELTS manuale di preparazione,Anthony Zambonini,Alpha Test,,,0,Lingue
L874,"G.Alfano, P.Italia, E.Russo, F.Tomasi",Letteratura italiana 2° volume,Mondadori,,,0,Letteratura
L875,Sting,Broken Music,Dial Press Trade Paperbacks,2020,,0,Autobiografico
L876,Gasparini - Mirri,Dispositivi e circuiti elettronici Vol.1,Calderini,,,0,Elettronica
L877,Gasparini - Mirri,Dispositivi e circuiti elettronici Vol.2,Calderini,,,0,Elettronica
L878,Franco Malenza,La patente da Radioamatore,ed. I.E.,,,0,Elettronica
L879,Scott Hacker,The BeOS Bible,Peachpit Press,,,0,Informatica
L880,Nuova Elettronica,Schemario Kit 1990,Nuova Elettronica,,,0,Elettronica
L881,Camerapix,The spectrum Guide to Kenya,Camerapix,1989,,0,Viaggi
L882,Valerio Massimo Manfredi,Quaranta giorni,Mondadori,,,0,Romanzo
L883,"G.Alfano, P.Italia, E.Russo, F.Tomasi",Letteratura italiana 1° volume,Mondadori,2020,,0,Letteratura
L884,Philippe Daverio,Quattro conversazioni sull'Europa,Rizzoli,2019,,0,Saggi
L885,Mimmo Franzinelli,Storia della Repubblica Sociale Italiana,Laterza,,,0,Storia
L886,Carlo Rovelli,Helgoland,Adelphi,,,0,Fisica
L887,Joseph Tritto,Cina Covid-19,Cantagalli,2020,,0,Attualita
L888,Lannutti E. Alterio T. Fracasso F.,I Conquistatori,,,,0,Saggi
L889,"F. Fracassi, T. Alterio",Colpo si Stato,,,,0,Saggi
L890,Tiziana Alterio,La Guerra Silenziosa,,,,0,Saggi
L891,Lia Tagliacozzo,La generazione del deserto,MANNI,2020,,0,Romanzo
L892,Papa Francesco,Ritorniamo a sognare,PIEMME,2020,,0,Religione
L893,Roberto Calasso,Come ordinare una biblioteca,Adelphi,,,0,Saggi
L894,Victor Hugo,Notre-Dame de Paris,Feltrinelli,,,0,Romanzo
L895,Gaetano Salvemini,Mussolini diplomatico,Donzelli Editore,,,0,Saggi
L896,Umberto Galimberti,I miti del nostri tempo,Feltrinelli,,,0,Saggi
L897,Umberto Galimberti,L'ospite inquietante,Feltrinelli,,,0,Saggi
L898,Victor Hugo,I Miserabili Vol. 1,Einaudi,,,0,Romanzo
L899,Victor Hugo,I Miserabili Vol. 2,Einaudi,,,0,Romanzo
L900,Friederich A. von Hayek,Liberalismo,Rubbettino,,,0,Saggi
L901,Maurizio De Giovanni,Rondini d'Inverno,Einaudi,,,0,Romanzo
L902,Maurizio De Giovanni,Il purgatorio dell'angelo,Einaudi,,,0,Romanzo
L903,Benjamin Labatut,Quando abbiamo smesso di capire il mondo,Adelphi,2021,,0,Saggi
L904,Alessandro Barbero,Dante,Laterza,2020,,0,Storia
L905,Dante Alighieri,Vita Nuova,Garzanti,,,0,Letteratura
L906,Eric Lomax,The Railway Man,Vintage Books,,London,0,Romanzo
L907,Dante Alighieri,La Divina Commedia,Hoepli,2021,,0,Letteratura
L908,Alessandro Barbero,Alabama,Sellerio,2021,,0,Romanzo
L909,Andrea Camilleri,La Pensione Eva,Sellerio,,,0,Romanzo
